Keyword,Best URL (End),Position (End),All Ranking URLs (Count),Best Ranking URLs (Count),Avg. Position (Best Ranking),Best ranked URL changes (Change),Best Traffic,Lowest Traffic,Traffic Risk,Search Volume,Position Delta (Average to End),Volatility (Start to End)
best cordless vacuum cleaner,https://ecomusa.example/blog/post/best-cordless-vacuum-cleaner-guide,6,3,2,7.5,4,420,95,48.2,5400,-1.5,2.41
cordless vacuum cleaner,https://ecomusa.example/collections/cordless-vacuums,8,3,2,9.0,3,610,210,31.7,12100,-0.8,1.92
lightweight cordless vacuum,https://ecomusa.example/collections/cordless-vacuums,12,2,2,12.5,2,140,60,6.4,1900,0.6,1.1
cordless stick vacuum,https://ecomusa.example/collections/cordless-vacuums,16,2,2,16.8,2,90,40,4.1,1300,0.4,0.85
how to descale a steam iron,https://ecomusa.example/blog/post/how-to-descale-a-steam-iron,4,2,2,4.8,5,380,120,27.9,3600,-2.1,3.05
descale steam iron vinegar,https://ecomusa.example/blog/post/how-to-descale-a-steam-iron,8,2,2,9.1,3,120,50,8.6,1600,-0.3,1.4
steam iron vs dry iron,https://ecomusa.example/blog/post/steam-vs-dry-irons-compared,11,2,2,12.0,3,150,45,14.3,2400,0.9,1.75
hepa filter,https://ecomusa.example/blog/post/what-is-a-hepa-filter,7,2,2,8.3,3,260,80,19.5,8100,-0.6,1.66
what is a hepa filter,https://ecomusa.example/blog/post/what-is-a-hepa-filter,5,2,2,5.9,4,330,100,22.0,4400,-1.2,2.2
best garment steamer,https://ecomusa.example/collections/garment-steamers,5,3,2,6.2,3,500,150,36.1,6600,-0.7,2.05
garment steamer reviews,https://ecomusa.example/blog/post/best-garment-steamer-picks,9,2,2,9.8,3,110,40,7.7,2100,0.2,1.3
how to clean a fan,https://ecomusa.example/blog/post/cleaning-your-fan-safely,9,2,2,9.6,4,210,70,24.5,2900,-1.0,2.6
clean fan blades,https://ecomusa.example/blog/post/cleaning-your-fan-safely,14,2,2,14.4,3,70,30,9.0,1000,0.1,1.2
steam iron care tips,https://ecomusa.example/blog/post/how-to-descale-a-steam-iron,10,2,2,10.9,2,60,25,5.2,900,0.3,0.95
ironing board cover,https://ecomusa.example/pages/ironing-guide,13,2,2,13.7,2,75,30,5.9,1100,0.5,1.05
handheld garment steamer,https://ecomusa.example/collections/garment-steamers,6,2,2,6.9,2,230,90,11.8,3300,-0.4,1.15
handheld steamer for clothes,https://ecomusa.example/collections/travel-steamers,10,2,2,10.5,2,130,55,6.9,1700,0.2,0.9
steam iron,https://ecomusa.example/collections/steam-irons,3,2,2,3.6,2,640,300,28.4,14800,-0.2,0.7
steamwise pro iron,https://ecomusa.example/products/steamwise-pro-iron,2,2,2,2.4,2,310,160,10.2,1200,0.0,0.4
stand fan,https://ecomusa.example/collections/pedestal-fans,22,2,2,23.0,2,55,20,3.3,2600,0.8,1.0
dry iron settings,https://ecomusa.example/blog/post/steam-vs-dry-irons-compared,20,2,2,21.0,2,40,15,2.8,700,0.6,0.8
vacuum filter replacement,https://ecomusa.example/collections/cordless-vacuums,34,2,2,35.0,2,30,12,2.0,1500,1.1,1.5
robot vacuum,https://ecomusa.example/collections/cordless-vacuums,41,2,2,42.0,1,18,8,1.2,9900,0.9,0.6
air purifier filter,https://ecomusa.example/blog/post/what-is-a-hepa-filter,18,1,1,18.0,1,50,50,0.0,2200,0.0,0.3
pedestal fan,https://ecomusa.example/collections/pedestal-fans,15,1,1,15.0,1,95,95,0.0,4800,0.0,0.25
