Keyword,Position,Previous position,Search Volume,Keyword Difficulty,CPC,URL,Traffic,Traffic (%),Traffic Cost,Competition,Number of Results,Trends,Timestamp,SERP Features by Keyword,Keyword Intents,Position Type
air purifier filter,18,18,2200,27,1.56,https://ecomusa.example/blog/post/what-is-a-hepa-filter,18,0.82,28.08,0.14,4396741,"0.97,0.72,0.94,0.75,0.67,0.90,0.98,0.60,0.82,0.83,0.65,0.72",2026-08-31,"People also ask, Related searches",commercial,Organic
best cordless vacuum cleaner,6,7,5400,25,2.29,https://ecomusa.example/blog/post/best-cordless-vacuum-cleaner-guide,81,1.5,185.49,0.86,1157872,"0.84,0.58,0.79,0.71,0.58,0.78,0.57,0.75,0.58,0.59,0.74,0.92",2026-08-31,Related searches,commercial,Organic
best cordless vacuum cleaner,9,11,5400,22,0.4,https://ecomusa.example/collections/cordless-vacuums,54,1.0,21.6,0.55,3575413,"0.57,0.94,0.68,0.61,0.60,0.69,0.92,0.63,0.81,0.84,0.72,0.80",2026-08-31,"People also ask, Related searches",commercial,Organic
best cordless vacuum cleaner,27,29,5400,23,0.65,https://ecomusa.example/products/aerovac-x200-cordless-vacuum,43,0.8,27.95,0.86,8074050,"0.62,0.77,0.57,0.85,0.89,0.81,0.94,0.69,0.86,0.82,0.81,0.76",2026-08-31,"Image pack, Video",commercial,Organic
best cordless vacuum cleaner,23,27,5400,56,1.73,https://ecomusa.example/collections/cordless-vacuums,43,0.8,74.39,0.88,2100815,"0.90,0.76,0.97,0.71,0.66,0.63,0.90,0.59,0.69,0.77,0.70,0.75",2026-08-31,Related searches,commercial,Organic
best garment steamer,10,10,6600,30,0.41,https://ecomusa.example/blog/post/best-garment-steamer-picks,59,0.89,24.19,0.51,4241818,"0.97,0.83,0.79,0.64,0.75,0.85,0.67,0.91,1.00,0.57,0.56,0.78",2026-08-31,"People also ask, Related searches",commercial,Organic
best garment steamer,18,22,6600,21,0.52,https://ecomusa.example/collections/travel-steamers,53,0.8,27.56,0.77,359161,"0.85,0.80,0.95,0.99,0.69,0.65,0.65,0.64,0.95,0.88,0.61,1.00",2026-08-31,Related searches,commercial,Organic
best garment steamer,2,2,6600,42,0.64,https://ecomusa.example/collections/travel-steamers,990,15.0,633.6,0.17,2808987,"0.97,0.60,0.77,0.91,0.99,0.64,0.61,0.97,0.99,0.77,0.57,0.97",2026-08-31,"People also ask, Related searches",commercial,Image pack
best garment steamer,14,13,6600,21,2.0,https://ecomusa.example/blog/post/best-garment-steamer-picks,53,0.8,106.0,0.7,6459482,"0.60,0.61,0.74,0.59,0.75,0.78,0.57,0.84,0.59,0.88,0.90,0.78",2026-08-31,Related searches,commercial,Organic
best garment steamer,5,5,6600,33,2.27,https://ecomusa.example/collections/garment-steamers,119,1.8,270.13,0.85,2828666,"0.91,0.59,0.94,0.58,0.94,0.75,0.70,0.80,0.97,0.67,0.61,0.79",2026-08-31,"Featured snippet, People also ask, Image pack",commercial,Organic
clean fan blades,19,21,1000,61,0.46,https://ecomusa.example/collections/pedestal-fans,8,0.8,3.68,0.18,3772290,"0.90,0.83,0.84,0.58,0.62,0.66,0.88,0.69,0.81,0.56,0.58,0.67",2026-08-31,"Image pack, Video",,Organic
clean fan blades,14,18,1000,59,0.85,https://ecomusa.example/blog/post/cleaning-your-fan-safely,8,0.8,6.8,0.88,8407085,"0.91,0.89,0.78,0.79,0.85,0.58,0.88,0.66,0.58,0.67,0.88,0.64",2026-08-31,Related searches,,Organic
cordless stick vacuum,16,15,1300,51,1.63,https://ecomusa.example/collections/cordless-vacuums,10,0.77,16.3,0.12,8982688,"0.82,0.76,0.60,0.77,0.99,0.77,0.69,0.61,0.89,0.88,0.77,0.86",2026-08-31,"Image pack, Video",commercial,Organic
cordless stick vacuum,19,20,1300,57,0.61,https://ecomusa.example/blog/post/best-cordless-vacuum-cleaner-guide,10,0.77,6.1,0.75,3394007,"0.89,0.68,0.84,0.59,0.93,0.78,0.96,0.71,0.65,0.79,0.78,0.84",2026-08-31,"Featured snippet, People also ask, Image pack",commercial,Organic
cordless vacuum cleaner,8,6,12100,26,0.43,https://ecomusa.example/collections/cordless-vacuums,136,1.12,58.48,0.69,6795615,"0.84,1.00,0.92,0.68,0.72,0.85,0.56,0.76,0.63,0.60,0.58,0.90",2026-08-31,"Image pack, Video",commercial,Organic
cordless vacuum cleaner,14,16,12100,29,2.23,https://ecomusa.example/blog/post/best-cordless-vacuum-cleaner-guide,97,0.8,216.31,0.22,4034729,"0.59,0.75,0.80,0.95,0.92,0.94,0.68,0.74,0.71,0.95,0.98,0.62",2026-08-31,Related searches,commercial,Organic
cordless vacuum cleaner,11,10,12100,40,0.35,https://ecomusa.example/collections/cordless-vacuums,99,0.82,34.65,0.59,4351562,"1.00,0.88,0.92,0.64,0.99,0.77,0.98,0.96,0.62,0.90,0.97,0.58",2026-08-31,"Featured snippet, People also ask, Image pack",commercial,Organic
descale steam iron vinegar,8,9,1600,40,0.48,https://ecomusa.example/blog/post/how-to-descale-a-steam-iron,18,1.12,8.64,0.22,2317544,"0.76,0.88,0.59,0.62,1.00,0.56,0.82,0.76,0.85,0.83,0.82,0.76",2026-08-31,Related searches,informational,Organic
descale steam iron vinegar,14,11,1600,26,0.33,https://ecomusa.example/collections/steam-irons,13,0.81,4.29,0.15,6055510,"0.79,0.97,0.75,0.94,0.92,0.64,0.66,0.68,0.66,0.81,0.67,0.74",2026-08-31,"Featured snippet, People also ask, Image pack",informational,Organic
dry iron settings,24,25,700,32,1.06,https://ecomusa.example/blog/post/how-to-descale-a-steam-iron,6,0.86,6.36,0.19,7933886,"0.98,0.83,0.67,0.87,0.69,0.67,0.55,0.89,0.96,0.84,0.97,0.56",2026-08-31,"Image pack, Video",informational,Organic
dry iron settings,20,22,700,21,0.48,https://ecomusa.example/blog/post/steam-vs-dry-irons-compared,6,0.86,2.88,0.31,1174477,"0.64,0.79,0.75,0.70,0.88,0.76,0.83,0.66,0.83,0.73,0.72,0.76",2026-08-31,Related searches,informational,Organic
garment steamer reviews,13,13,2100,43,0.37,https://ecomusa.example/collections/garment-steamers,17,0.81,6.29,0.12,5224376,"0.65,0.63,0.70,0.59,0.68,0.85,0.66,0.90,0.59,0.92,0.61,0.81",2026-08-31,"Image pack, Video",commercial,Organic
garment steamer reviews,9,7,2100,41,1.61,https://ecomusa.example/blog/post/best-garment-steamer-picks,21,1.0,33.81,0.87,5547998,"0.74,0.57,0.85,0.72,0.78,0.99,0.82,0.86,0.57,0.63,0.67,0.55",2026-08-31,"Image pack, Video",commercial,Organic
handheld garment steamer,16,16,3300,29,1.31,https://ecomusa.example/collections/travel-steamers,26,0.79,34.06,0.37,1648309,"0.60,0.84,0.58,0.78,0.92,0.80,0.75,0.70,0.89,0.74,0.80,0.66",2026-08-31,Related searches,commercial,Organic
handheld garment steamer,6,6,3300,59,1.81,https://ecomusa.example/collections/garment-steamers,50,1.52,90.5,0.31,4124134,"0.97,0.73,0.83,0.61,0.94,0.77,0.96,0.80,0.63,0.74,0.68,0.67",2026-08-31,"Featured snippet, People also ask, Image pack",commercial,Organic
handheld steamer for clothes,12,10,1700,22,0.87,https://ecomusa.example/collections/garment-steamers,14,0.82,12.18,0.41,8976044,"0.72,0.84,0.74,0.69,0.92,0.99,0.61,0.74,0.89,0.91,0.99,0.77",2026-08-31,"People also ask, Related searches",commercial,Organic
handheld steamer for clothes,10,11,1700,61,0.8,https://ecomusa.example/collections/travel-steamers,15,0.88,12.0,0.5,3743260,"0.91,0.64,0.56,0.94,0.72,0.89,0.64,0.67,0.89,0.77,0.81,0.71",2026-08-31,"Image pack, Video",commercial,Organic
hepa filter,4,4,8100,61,1.6,https://ecomusa.example/collections/cordless-vacuums,182,2.25,291.2,0.13,5559220,"0.92,0.63,0.65,0.73,0.78,0.72,0.61,0.66,0.88,0.95,0.57,0.80",2026-08-31,"People also ask, Related searches",informational,People also ask
hepa filter,7,11,8100,22,1.37,https://ecomusa.example/blog/post/what-is-a-hepa-filter,104,1.28,142.48,0.27,5199806,"0.86,0.94,0.97,0.67,0.80,0.97,0.93,0.61,0.60,0.75,0.58,0.66",2026-08-31,"People also ask, Related searches",informational,Organic
hepa filter,15,13,8100,45,2.18,https://ecomusa.example/collections/cordless-vacuums,65,0.8,141.7,0.9,6894803,"0.97,0.84,0.71,0.66,0.61,0.76,0.89,0.59,0.95,0.62,0.85,0.65",2026-08-31,"People also ask, Related searches",informational,Organic
how to clean a fan,13,12,2900,58,2.21,https://ecomusa.example/collections/pedestal-fans,23,0.79,50.83,0.12,4223030,"0.92,0.81,0.95,0.86,0.86,0.65,0.56,0.61,0.71,0.60,0.93,0.80",2026-08-31,"Featured snippet, People also ask, Image pack",,Organic
how to clean a fan,9,9,2900,58,0.48,https://ecomusa.example/blog/post/cleaning-your-fan-safely,29,1.0,13.92,0.44,8601571,"0.85,0.87,0.95,0.73,0.70,0.99,0.62,0.88,0.84,0.57,0.93,0.95",2026-08-31,"People also ask, Related searches",,Organic
how to descale a steam iron,12,12,3600,48,1.29,https://ecomusa.example/collections/steam-irons,29,0.81,37.41,0.81,7400054,"0.64,0.83,0.96,0.93,0.77,0.84,0.91,0.59,0.85,0.96,0.90,0.89",2026-08-31,"Image pack, Video",informational,Organic
how to descale a steam iron,19,17,3600,33,1.12,https://ecomusa.example/blog/post/how-to-descale-a-steam-iron,29,0.81,32.48,0.46,7808814,"0.80,0.83,0.69,0.74,0.81,0.74,0.85,0.75,0.75,0.56,0.83,0.77",2026-08-31,Related searches,informational,Organic
how to descale a steam iron,1,3,3600,50,2.19,https://ecomusa.example/blog/post/how-to-descale-a-steam-iron,1008,28.0,2207.52,0.24,5957547,"0.60,0.59,0.81,0.71,0.90,0.61,0.57,0.61,0.91,0.73,0.81,0.97",2026-08-31,Related searches,informational,Featured snippet
how to descale a steam iron,4,4,3600,41,2.02,https://ecomusa.example/blog/post/how-to-descale-a-steam-iron,81,2.25,163.62,0.16,1833912,"0.64,0.77,0.88,1.00,0.91,0.76,0.64,0.82,0.70,0.91,0.88,0.71",2026-08-31,"People also ask, Related searches",informational,Organic
ironing board cover,13,13,1100,43,1.83,https://ecomusa.example/pages/ironing-guide,9,0.82,16.47,0.41,1401790,"0.70,0.69,0.93,0.55,0.89,0.93,0.60,0.97,0.87,0.96,0.68,0.72",2026-08-31,Related searches,commercial,Organic
ironing board cover,15,16,1100,19,2.24,https://ecomusa.example/collections/steam-irons,9,0.82,20.16,0.75,6831585,"0.93,0.68,0.57,0.85,0.84,0.62,0.99,0.75,0.69,0.90,0.90,0.74",2026-08-31,"Image pack, Video",commercial,Organic
lightweight cordless vacuum,18,20,1900,22,1.14,https://ecomusa.example/blog/post/best-cordless-vacuum-cleaner-guide,15,0.79,17.1,0.8,6432081,"0.77,0.73,0.64,0.99,0.75,0.60,0.82,0.60,0.81,0.79,0.98,0.83",2026-08-31,"Featured snippet, People also ask, Image pack",commercial,Organic
lightweight cordless vacuum,12,9,1900,61,1.32,https://ecomusa.example/collections/cordless-vacuums,15,0.79,19.8,0.74,6703025,"0.67,0.55,0.74,0.72,0.80,0.98,0.86,0.78,0.83,0.85,0.57,0.95",2026-08-31,"People also ask, Related searches",commercial,Organic
pedestal fan,15,12,4800,27,1.56,https://ecomusa.example/collections/pedestal-fans,38,0.79,59.28,0.61,1649286,"0.92,0.92,0.73,0.72,0.83,0.59,0.56,0.77,0.77,0.73,0.91,0.85",2026-08-31,"People also ask, Related searches",commercial,Organic
robot vacuum,41,43,9900,27,1.27,https://ecomusa.example/collections/cordless-vacuums,79,0.8,100.33,0.33,3278313,"0.89,0.93,0.85,0.60,0.93,0.68,0.81,0.72,0.88,0.64,0.66,0.66",2026-08-31,"People also ask, Related searches",commercial,Organic
robot vacuum,44,45,9900,36,0.44,https://ecomusa.example/products/aerovac-x200-cordless-vacuum,79,0.8,34.76,0.29,965423,"1.00,0.78,0.65,0.91,0.84,1.00,0.60,0.76,0.92,0.93,0.96,0.57",2026-08-31,"Image pack, Video",commercial,Organic
stand fan,25,25,2600,31,0.69,https://ecomusa.example/blog/post/cleaning-your-fan-safely,21,0.81,14.49,0.4,5299113,"0.56,0.85,0.72,0.72,0.70,0.63,0.55,0.68,0.71,0.98,0.61,0.98",2026-08-31,Related searches,commercial,Organic
stand fan,22,22,2600,23,1.32,https://ecomusa.example/collections/pedestal-fans,21,0.81,27.72,0.85,5643776,"0.98,0.62,0.73,0.65,0.99,0.61,0.57,0.58,0.73,0.95,0.95,0.88",2026-08-31,"Featured snippet, People also ask, Image pack",commercial,Organic
steam iron,11,11,14800,35,2.32,https://ecomusa.example/products/steamwise-pro-iron,121,0.82,280.72,0.87,4186085,"0.79,0.75,0.89,0.59,0.69,0.97,0.64,0.67,0.91,0.55,0.79,1.00",2026-08-31,"Image pack, Video",commercial,Organic
steam iron,3,7,14800,26,2.34,https://ecomusa.example/collections/steam-irons,1480,10.0,3463.2,0.29,750684,"0.90,0.65,0.62,0.99,0.60,0.92,0.87,0.93,0.95,0.59,0.90,0.55",2026-08-31,"People also ask, Related searches",commercial,Organic
steam iron care tips,18,16,900,49,1.52,https://ecomusa.example/blog/post/steam-vs-dry-irons-compared,7,0.78,10.64,0.65,6921807,"0.89,0.67,0.71,0.82,0.83,0.68,0.60,0.71,0.77,0.94,0.73,0.62",2026-08-31,"People also ask, Related searches",informational,Organic
steam iron care tips,10,14,900,35,0.91,https://ecomusa.example/blog/post/how-to-descale-a-steam-iron,8,0.89,7.28,0.41,3655107,"0.76,0.76,0.60,0.95,0.64,0.99,0.97,0.56,0.76,0.92,0.99,0.75",2026-08-31,"Image pack, Video",informational,Organic
steam iron vs dry iron,3,2,2400,43,1.14,https://ecomusa.example/products/steamwise-pro-iron,240,10.0,273.6,0.26,218592,"0.73,0.68,0.69,0.98,0.69,0.80,0.71,0.74,0.94,1.00,0.71,0.64",2026-08-31,"Image pack, Video",commercial,Featured snippet
steam iron vs dry iron,11,15,2400,25,1.69,https://ecomusa.example/blog/post/steam-vs-dry-irons-compared,20,0.83,33.8,0.55,5589072,"0.92,0.95,0.61,0.62,0.78,0.94,0.90,0.82,0.90,0.62,0.61,0.83",2026-08-31,Related searches,commercial,Organic
steam iron vs dry iron,17,21,2400,30,1.95,https://ecomusa.example/products/steamwise-pro-iron,19,0.79,37.05,0.65,7709103,"0.95,0.58,0.64,0.57,0.59,0.75,0.56,0.95,0.58,0.70,0.99,0.82",2026-08-31,"Featured snippet, People also ask, Image pack",commercial,Organic
steamwise pro iron,7,8,1200,57,1.73,https://ecomusa.example/collections/steam-irons,15,1.25,25.95,0.5,3262594,"0.55,0.68,0.93,0.58,0.77,0.64,0.89,0.64,0.76,0.67,0.95,0.60",2026-08-31,"People also ask, Related searches",commercial,Organic
steamwise pro iron,2,6,1200,62,1.41,https://ecomusa.example/products/steamwise-pro-iron,180,15.0,253.8,0.37,7175773,"0.56,0.74,0.84,0.57,0.64,0.95,0.84,0.59,0.65,0.74,0.72,0.77",2026-08-31,"People also ask, Related searches",commercial,Organic
vacuum filter replacement,38,40,1500,46,1.88,https://ecomusa.example/blog/post/what-is-a-hepa-filter,12,0.8,22.56,0.24,2350214,"0.73,0.84,0.77,0.80,0.62,0.74,0.60,0.58,0.83,0.64,0.74,0.99",2026-08-31,"People also ask, Related searches",commercial,Organic
vacuum filter replacement,34,36,1500,56,1.96,https://ecomusa.example/collections/cordless-vacuums,12,0.8,23.52,0.16,3430342,"0.92,0.61,0.77,0.55,0.97,0.69,0.86,0.62,0.66,0.94,0.76,0.90",2026-08-31,Related searches,commercial,Organic
what is a hepa filter,16,13,4400,62,2.2,https://ecomusa.example/collections/cordless-vacuums,35,0.8,77.0,0.25,1334906,"0.67,0.61,0.74,0.96,0.92,0.67,0.62,0.96,0.81,0.87,0.59,0.58",2026-08-31,"People also ask, Related searches",informational,Organic
what is a hepa filter,5,6,4400,24,1.18,https://ecomusa.example/blog/post/what-is-a-hepa-filter,79,1.8,93.22,0.17,4682068,"0.69,0.87,0.56,0.80,0.75,0.56,0.70,0.83,0.78,0.58,0.99,0.90",2026-08-31,"Image pack, Video",informational,Organic
