url,page_type
https://ecomusa.example/blog/post/best-cordless-vacuum-cleaner-guide,blog
https://ecomusa.example/blog/post/how-to-descale-a-steam-iron,blog
https://ecomusa.example/blog/post/steam-vs-dry-irons-compared,blog
https://ecomusa.example/blog/post/what-is-a-hepa-filter,blog
https://ecomusa.example/blog/post/best-garment-steamer-picks,blog
https://ecomusa.example/blog/post/cleaning-your-fan-safely,blog
https://ecomusa.example/blog/post/how-to-choose-an-air-purifier,blog
https://ecomusa.example/collections/cordless-vacuums,plp
https://ecomusa.example/collections/steam-irons,plp
https://ecomusa.example/collections/garment-steamers,plp
https://ecomusa.example/collections/travel-steamers,plp
https://ecomusa.example/collections/pedestal-fans,plp
https://ecomusa.example/collections/air-cleaners,plp
https://ecomusa.example/products/aerovac-x200-cordless-vacuum,pdp
https://ecomusa.example/products/steamwise-pro-iron,pdp
https://ecomusa.example/products/breezeline-tower-fan,pdp
